{"epochs": 0, "time_step": 138, "ep_reward": -308.4132769227368, "entropy_mean": 2.0236232980437903}
{"epochs": 1, "time_step": 237, "ep_reward": -22.234505034409295, "entropy_mean": 2.036368509735724}
{"epochs": 2, "time_step": 413, "ep_reward": -633.1233805253968, "entropy_mean": 2.1049743470820514}
{"epochs": 3, "time_step": 608, "ep_reward": -311.4818580332873, "entropy_mean": 2.009285780099722}
{"epochs": 4, "time_step": 729, "ep_reward": -435.81013754265524, "entropy_mean": 2.087831601623661}
{"epochs": 5, "time_step": 869, "ep_reward": -466.3277552720221, "entropy_mean": 2.091679690565382}
{"epochs": 6, "time_step": 1192, "ep_reward": -376.8934609873919, "entropy_mean": 2.0042842490016124}
{"epochs": 7, "time_step": 1423, "ep_reward": -318.49675414643656, "entropy_mean": 1.9830987716650035}
{"epochs": 8, "time_step": 1637, "ep_reward": -309.34050594274794, "entropy_mean": 1.9484727109704063}
{"epochs": 9, "time_step": 1800, "ep_reward": -261.6630438012153, "entropy_mean": 1.972024048032936}
{"epochs": 10, "time_step": 1896, "ep_reward": -217.73989241932023, "entropy_mean": 2.007571555674076}
{"epochs": 11, "time_step": 2059, "ep_reward": -406.2955154232436, "entropy_mean": 1.9443198969027748}
{"epochs": 12, "time_step": 2231, "ep_reward": -466.0270991749265, "entropy_mean": 2.0462356154308763}
{"epochs": 13, "time_step": 2326, "ep_reward": -260.56269271903165, "entropy_mean": 1.9960384845733643}
{"epochs": 14, "time_step": 2477, "ep_reward": -322.48786801158633, "entropy_mean": 1.927185319117363}
{"epochs": 15, "time_step": 2632, "ep_reward": -512.089822588579, "entropy_mean": 2.08460019634616}
{"epochs": 16, "time_step": 2827, "ep_reward": -563.8242156501109, "entropy_mean": 2.075173552831014}
{"epochs": 17, "time_step": 2959, "ep_reward": -158.18340959702672, "entropy_mean": 2.044434616059968}
{"epochs": 18, "time_step": 3050, "ep_reward": -55.54525904488115, "entropy_mean": 2.0290246245625254}
{"epochs": 19, "time_step": 3450, "ep_reward": -320.96136497019086, "entropy_mean": 1.9791578724980354}
{"epochs": 20, "time_step": 3693, "ep_reward": -399.1360317352627, "entropy_mean": 1.9889243370220986}
{"epochs": 21, "time_step": 3785, "ep_reward": -284.358742390848, "entropy_mean": 2.0290686760259713}
{"epochs": 22, "time_step": 3862, "ep_reward": -326.2279953029059, "entropy_mean": 2.019339570751438}
