{"epochs": 0, "time_step": 399, "ep_reward": -2334.508340729425, "entropy_mean": 1.2137372994422913}
{"epochs": 1, "time_step": 657, "ep_reward": -1445.6163254894298, "entropy_mean": 1.5283941466296433}
{"epochs": 2, "time_step": 1056, "ep_reward": -2147.6214120498253, "entropy_mean": 1.6625993525981904}
{"epochs": 3, "time_step": 1274, "ep_reward": -1094.7823632405714, "entropy_mean": 2.072051155212542}
{"epochs": 4, "time_step": 1673, "ep_reward": -2291.8163520146168, "entropy_mean": 2.3407519817352296}
{"epochs": 5, "time_step": 2072, "ep_reward": -2008.0702652448363, "entropy_mean": 2.351313446164131}
{"epochs": 6, "time_step": 2255, "ep_reward": -912.5887278671329, "entropy_mean": 2.599069644709699}
{"epochs": 7, "time_step": 2654, "ep_reward": -2174.512959829307, "entropy_mean": 2.543517725467682}
{"epochs": 8, "time_step": 2839, "ep_reward": -958.3992710769172, "entropy_mean": 2.748018580948246}
{"epochs": 9, "time_step": 2985, "ep_reward": -806.4823918309805, "entropy_mean": 2.73756110383382}
{"epochs": 10, "time_step": 3018, "ep_reward": -152.75132773812047, "entropy_mean": 2.6423582674852057}
{"epochs": 11, "time_step": 3417, "ep_reward": -2216.5561873575875, "entropy_mean": 2.536002037525177}
{"epochs": 12, "time_step": 3750, "ep_reward": -1741.3341038089382, "entropy_mean": 2.641879534971589}
{"epochs": 13, "time_step": 4149, "ep_reward": -1928.9207730752175, "entropy_mean": 2.48841861307621}
{"epochs": 14, "time_step": 4195, "ep_reward": -271.5146949523114, "entropy_mean": 2.6661299838814685}
{"epochs": 15, "time_step": 4594, "ep_reward": -1919.8010858780171, "entropy_mean": 2.3935202050209043}
{"epochs": 16, "time_step": 4633, "ep_reward": -229.22722825016305, "entropy_mean": 2.61832529985452}
{"epochs": 17, "time_step": 4714, "ep_reward": -424.4625837006963, "entropy_mean": 2.6299486277293576}
{"epochs": 18, "time_step": 4793, "ep_reward": -426.1229647351559, "entropy_mean": 2.6257911688126856}
{"epochs": 19, "time_step": 5192, "ep_reward": -1967.779030080032, "entropy_mean": 2.1069653475284578}
{"epochs": 20, "time_step": 5403, "ep_reward": -1191.2665951205538, "entropy_mean": 2.629256623856565}
{"epochs": 21, "time_step": 5623, "ep_reward": -1143.8500864846167, "entropy_mean": 2.529905234875322}
{"epochs": 22, "time_step": 6022, "ep_reward": -2048.5027447371153, "entropy_mean": 2.348455708026886}
{"epochs": 23, "time_step": 6421, "ep_reward": -2067.9658863138134, "entropy_mean": 2.221106679439545}
{"epochs": 24, "time_step": 6445, "ep_reward": -96.76279984981053, "entropy_mean": 2.498846170853595}
{"epochs": 25, "time_step": 6761, "ep_reward": -1821.6783869469841, "entropy_mean": 2.52163304122515}
{"epochs": 26, "time_step": 6784, "ep_reward": -106.45291946211616, "entropy_mean": 2.4642127422576254}
{"epochs": 27, "time_step": 6885, "ep_reward": -500.4902455174175, "entropy_mean": 2.523587006066233}
{"epochs": 28, "time_step": 6944, "ep_reward": -350.2818334324998, "entropy_mean": 2.432876470710049}
{"epochs": 29, "time_step": 7018, "ep_reward": -414.9282780640281, "entropy_mean": 2.399335029141215}
{"epochs": 30, "time_step": 7417, "ep_reward": -2163.70866191158, "entropy_mean": 2.138438972234726}
{"epochs": 31, "time_step": 7816, "ep_reward": -2121.3871660112636, "entropy_mean": 2.1249040216207504}
{"epochs": 32, "time_step": 8215, "ep_reward": -2073.02419302221, "entropy_mean": 2.0291105192899703}
{"epochs": 33, "time_step": 8614, "ep_reward": -2086.301028204367, "entropy_mean": 2.2367712485790254}
{"epochs": 34, "time_step": 9013, "ep_reward": -2171.0115324218477, "entropy_mean": 2.15975261002779}
{"epochs": 35, "time_step": 9412, "ep_reward": -1990.2192382451542, "entropy_mean": 2.018041776716709}
{"epochs": 36, "time_step": 9811, "ep_reward": -2011.4077144728076, "entropy_mean": 2.175131106078625}
{"epochs": 37, "time_step": 10210, "ep_reward": -1992.059657564858, "entropy_mean": 2.276211241483688}
{"epochs": 38, "time_step": 10609, "ep_reward": -1925.68669838129, "entropy_mean": 2.2689382290840148}
{"epochs": 39, "time_step": 10976, "ep_reward": -1696.4802370772227, "entropy_mean": 2.298886082448116}
{"epochs": 40, "time_step": 11375, "ep_reward": -1855.3425444499503, "entropy_mean": 2.341469140648842}
{"epochs": 41, "time_step": 11771, "ep_reward": -1933.6888633554856, "entropy_mean": 2.0763135281066125}
{"epochs": 42, "time_step": 12060, "ep_reward": -1092.4584781318918, "entropy_mean": 2.3230609572613177}
{"epochs": 43, "time_step": 12425, "ep_reward": -1639.6471791375677, "entropy_mean": 2.2282685209396926}
{"epochs": 44, "time_step": 12663, "ep_reward": -727.2934223147768, "entropy_mean": 2.1874457005434818}
{"epochs": 45, "time_step": 12935, "ep_reward": -1077.8202753992366, "entropy_mean": 2.1786653873023636}
{"epochs": 46, "time_step": 13108, "ep_reward": -271.20251529606475, "entropy_mean": 2.0600075323231284}
{"epochs": 47, "time_step": 13413, "ep_reward": -1307.3780499896036, "entropy_mean": 2.1372252166173658}
{"epochs": 48, "time_step": 13753, "ep_reward": -1421.9568500065657, "entropy_mean": 2.183660521906378}
{"epochs": 49, "time_step": 13977, "ep_reward": -606.232214872928, "entropy_mean": 2.2280748915300603}
{"epochs": 50, "time_step": 14257, "ep_reward": -1175.0782537088678, "entropy_mean": 2.1853947044481354}
{"epochs": 51, "time_step": 14494, "ep_reward": -870.9518910274755, "entropy_mean": 2.2794909728200814}
{"epochs": 52, "time_step": 14765, "ep_reward": -1022.2775973849198, "entropy_mean": 2.4099500122210817}
{"epochs": 53, "time_step": 14997, "ep_reward": -765.709457586522, "entropy_mean": 2.246412564349431}
{"epochs": 54, "time_step": 15227, "ep_reward": -719.03681007775, "entropy_mean": 2.285894039137503}
{"epochs": 55, "time_step": 15368, "ep_reward": -237.74267477794996, "entropy_mean": 2.1952819790520013}
{"epochs": 56, "time_step": 15514, "ep_reward": -205.40033386071715, "entropy_mean": 2.114634245328936}
{"epochs": 57, "time_step": 15682, "ep_reward": -311.66256169741166, "entropy_mean": 2.07436479446796}
{"epochs": 58, "time_step": 15870, "ep_reward": -450.1351226090608, "entropy_mean": 2.0026723054739146}
{"epochs": 59, "time_step": 16061, "ep_reward": -463.4534174723922, "entropy_mean": 1.9069165753944735}
{"epochs": 60, "time_step": 16234, "ep_reward": -281.8566423476608, "entropy_mean": 1.7798842222615003}
{"epochs": 61, "time_step": 16403, "ep_reward": -393.2802081554464, "entropy_mean": 1.8984963943121356}
{"epochs": 62, "time_step": 16556, "ep_reward": -167.09949533872683, "entropy_mean": 1.7576515162029949}
{"epochs": 63, "time_step": 16707, "ep_reward": -197.0841080809332, "entropy_mean": 1.705749285103071}
{"epochs": 64, "time_step": 16851, "ep_reward": -197.23369842510286, "entropy_mean": 1.667466402053833}
{"epochs": 65, "time_step": 17008, "ep_reward": -178.11042242041316, "entropy_mean": 1.5792679612598721}
{"epochs": 66, "time_step": 17192, "ep_reward": -392.5453054812861, "entropy_mean": 1.4528370226624858}
{"epochs": 67, "time_step": 17352, "ep_reward": -330.67403156651983, "entropy_mean": 1.3071284450103189}
{"epochs": 68, "time_step": 17491, "ep_reward": -120.60716986546515, "entropy_mean": 1.3728450848637517}
{"epochs": 69, "time_step": 17633, "ep_reward": -153.77622886551674, "entropy_mean": 1.4205843005264014}
{"epochs": 70, "time_step": 17773, "ep_reward": -197.94589612241265, "entropy_mean": 1.3374571774777992}
{"epochs": 71, "time_step": 17955, "ep_reward": -334.37928430603927, "entropy_mean": 1.2650389677857699}
{"epochs": 72, "time_step": 18093, "ep_reward": -132.6115649534795, "entropy_mean": 1.3353452204797243}
{"epochs": 73, "time_step": 18224, "ep_reward": -124.01439463852189, "entropy_mean": 1.1858679282801232}
{"epochs": 74, "time_step": 18369, "ep_reward": -169.79481494629863, "entropy_mean": 1.27657404798003}
{"epochs": 75, "time_step": 18557, "ep_reward": -364.0384200824722, "entropy_mean": 1.2158199030145094}
{"epochs": 76, "time_step": 18805, "ep_reward": -888.3206607770832, "entropy_mean": 1.290596691655441}
{"epochs": 77, "time_step": 18985,