{"epochs": 0, "time_step": 118, "ep_reward": -162.87125926118313, "entropy_mean": 2.04545418084678}
{"epochs": 1, "time_step": 349, "ep_reward": -173.24954049562342, "entropy_mean": 2.0281775699549422}
{"epochs": 2, "time_step": 506, "ep_reward": -624.1301440563257, "entropy_mean": 2.090307560695964}
{"epochs": 3, "time_step": 664, "ep_reward": -296.354943596493, "entropy_mean": 2.0364257844188547}
{"epochs": 4, "time_step": 851, "ep_reward": -328.05197278095585, "entropy_mean": 1.9729948445437426}
{"epochs": 5, "time_step": 1000, "ep_reward": -55.10331448586639, "entropy_mean": 2.0340583676459807}
{"epochs": 6, "time_step": 1148, "ep_reward": -309.0971940583007, "entropy_mean": 2.037384018704698}
{"epochs": 7, "time_step": 1373, "ep_reward": -440.8539028107827, "entropy_mean": 2.0549931155310737}
{"epochs": 8, "time_step": 1500, "ep_reward": -260.7085980118608, "entropy_mean": 1.9961149129341906}
{"epochs": 9, "time_step": 1641, "ep_reward": -347.4536992109388, "entropy_mean": 2.032661590170353}
