{"epochs": 0, "time_step": 112, "ep_reward": -346.4190884023876, "entropy_mean": 2.055769652391957}
{"epochs": 1, "time_step": 223, "ep_reward": -368.71764936838247, "entropy_mean": 2.0657112640993938}
{"epochs": 2, "time_step": 363, "ep_reward": -339.53951626662075, "entropy_mean": 2.0783427911447294}
{"epochs": 3, "time_step": 453, "ep_reward": -114.71188464738975, "entropy_mean": 2.0744345843136967}
{"epochs": 4, "time_step": 609, "ep_reward": -309.28686176055555, "entropy_mean": 2.093106643409486}
{"epochs": 5, "time_step": 774, "ep_reward": -363.8091064759302, "entropy_mean": 2.10914783879935}
{"epochs": 6, "time_step": 900, "ep_reward": -307.7249428813012, "entropy_mean": 2.10061659775381}
{"epochs": 7, "time_step": 983, "ep_reward": -356.8500234748604, "entropy_mean": 2.1084654813721064}
{"epochs": 8, "time_step": 1079, "ep_reward": -143.32603328801602, "entropy_mean": 2.1224093338877883}
{"epochs": 9, "time_step": 1265, "ep_reward": -413.1434685681009, "entropy_mean": 2.155416090858174}
{"epochs": 10, "time_step": 1357, "ep_reward": -573.2116864480178, "entropy_mean": 2.18233936320069}
{"epochs": 11, "time_step": 1508, "ep_reward": -294.72213574490115, "entropy_mean": 2.1770720089736737}
{"epochs": 12, "time_step": 1696, "ep_reward": -147.3194433400381, "entropy_mean": 2.1619403791175316}
{"epochs": 13, "time_step": 1774, "ep_reward": -112.75704004264963, "entropy_mean": 2.1407053017918067}
{"epochs": 14, "time_step": 1902, "ep_reward": -389.0009917695869, "entropy_mean": 2.14474857130716}
{"epochs": 15, "time_step": 1994, "ep_reward": -515.8121103373447, "entropy_mean": 2.1954425381075953}
{"epochs": 16, "time_step": 2080, "ep_reward": -524.3475255931589, "entropy_mean": 2.2084173909549056}
{"epochs": 17, "time_step": 2204, "ep_reward": -392.42366103749447, "entropy_mean": 2.1860795249938967}
{"epochs": 18, "time_step": 2279, "ep_reward": -270.5623722225669, "entropy_mean": 2.172324770375302}
{"epochs": 19, "time_step": 2369, "ep_reward": -168.48622491493038, "entropy_mean": 2.1441908799684963}
{"epochs": 20, "time_step": 2502, "ep_reward": -133.01234378057893, "entropy_mean": 2.138805462353265}
{"epochs": 21, "time_step": 2612, "ep_reward": -420.6111270192652, "entropy_mean": 2.161876205925469}
{"epochs": 22, "time_step": 2691, "ep_reward": -198.1881546367619, "entropy_mean": 2.106257462501526}
{"epochs": 23, "time_step": 2786, "ep_reward": -142.6952454162527, "entropy_mean": 2.100091315805912}
{"epochs": 24, "time_step": 2873, "ep_reward": -449.94489084879854, "entropy_mean": 2.147000098770315}
{"epochs": 25, "time_step": 2960, "ep_reward": -341.34684365855344, "entropy_mean": 2.1392796229232443}
{"epochs": 26, "time_step": 3050, "ep_reward": -371.57530117540676, "entropy_mean": 2.082467650319194}
{"epochs": 27, "time_step": 3208, "ep_reward": -232.54429721785542, "entropy_mean": 2.093912973343951}
{"epochs": 28, "time_step": 3366, "ep_reward": -395.1198358750193, "entropy_mean": 2.1238246099004208}
{"epochs": 29, "time_step": 3542, "ep_reward": -461.38382991533854, "entropy_mean": 2.1191737624885}
{"epochs": 30, "time_step": 3653, "ep_reward": -384.5907618646728, "entropy_mean": 2.057545387319156}
{"epochs": 31, "time_step": 3787, "ep_reward": -534.8577518453718, "entropy_mean": 2.0626485895227504}
{"epochs": 32, "time_step": 3911, "ep_reward": -93.50796577340545, "entropy_mean": 2.077422061920166}
{"epochs": 33, "time_step": 4047, "ep_reward": -213.3106884064642, "entropy_mean": 2.072789087782811}
{"epochs": 34, "time_step": 4142, "ep_reward": -316.3879666594904, "entropy_mean": 2.0633386000990868}
{"epochs": 35, "time_step": 4290, "ep_reward": -507.71875455861465, "entropy_mean": 2.0344848904833697}
{"epochs": 36, "time_step": 4397, "ep_reward": -254.32657140338372, "entropy_mean": 2.0318404027709254}
{"epochs": 37, "time_step": 4492, "ep_reward": -154.02468511727693, "entropy_mean": 2.0277138724923134}
{"epochs": 38, "time_step": 4621, "ep_reward": -532.5131880010003, "entropy_mean": 2.0111581729008603}
{"epochs": 39, "time_step": 4723, "ep_reward": -520.8359275692999, "entropy_mean": 2.0120944861069465}
{"epochs": 40, "time_step": 4883, "ep_reward": -581.2074849860587, "entropy_mean": 2.01112697509505}
{"epochs": 41, "time_step": 4979, "ep_reward": -496.7725957424435, "entropy_mean": 1.9970740006142056}
{"epochs": 42, "time_step": 5109, "ep_reward": -531.2692423649152, "entropy_mean": 2.004702794642849}
{"epochs": 43, "time_step": 5232, "ep_reward": -156.40805952166704, "entropy_mean": 2.006586468988849}
{"epochs": 44, "time_step": 5349, "ep_reward": -418.1334840396759, "entropy_mean": 2.002165604445894}
{"epochs": 45, "time_step": 5514, "ep_reward": -428.67110226845506, "entropy_mean": 1.996352195739746}
{"epochs": 46, "time_step": 5611, "ep_reward": -211.76836484441566, "entropy_mean": 1.993990394533897}
{"epochs": 47, "time_step": 5746, "ep_reward": -92.7746165077721, "entropy_mean": 2.0048383877557865}
{"epochs": 48, "time_step": 5851, "ep_reward": -299.3773919378424, "entropy_mean": 1.975532331556644}
{"epochs": 49, "time_step": 6024, "ep_reward": -515.8813507237189, "entropy_mean": 1.9509869964643456}
{"epochs": 50, "time_step": 6126, "ep_reward": -99.29143645857708, "entropy_mean": 1.974890486707965}
{"epochs": 51, "time_step": 6303, "ep_reward": -91.51802700671571, "entropy_mean": 1.9541092602054724}
{"epochs": 52, "time_step": 6391, "ep_reward": -108.01567409253464, "entropy_mean": 1.9457482407602031}
{"epochs": 53, "time_step": 6486, "ep_reward": -228.63200620797514, "entropy_mean": 1.9146307334303856}
{"epochs": 54, "time_step": 6607, "ep_reward": -395.18958770316203, "entropy_mean": 1.9387480811994584}
{"epochs": 55, "time_step": 6724, "ep_reward": -387.0380384336238, "entropy_mean": 1.9128778051521818}
{"epochs": 56, "time_step": 6817, "ep_reward": -345.62274809349753, "entropy_mean": 1.9366808559032196}
{"epochs": 57, "time_step": 6936, "ep_reward": -161.27257000956968, "entropy_mean": 1.9313152958949407}
{"epochs": 58, "time_step": 7048, "ep_reward": -123.37857438165398, "entropy_mean": 1.911349863077687}
{"epochs": 59, "time_step": 7128, "ep_reward": -332.7180643728746, "entropy_mean": 1.8561423649022608}
{"epochs": 60, "time_step": 7225, "ep_reward": -297.29869379549143, "entropy_mean": 1.9093404205477968}
{"epochs": 61, "time_step": 7350, "ep_reward": -352.2738286045664, "entropy_mean": 1.858218066276066}
{"epochs": 62, "time_step": 7456, "ep_reward": -243.01427761983075, "entropy_mean": 1.9277716039497161}
{"epochs": 63, "time_step": 7589, "ep_reward": -183.98161732674407, "entropy_mean": 1.9215268474906237}
{"epochs": 64, "time_step": 7663, "ep_reward": -93.40680683458628, "entropy_mean": 1.863252148628235}
{"epochs": 65, "time_step": 7795, "ep_reward": -490.01395067063976, "entropy_mean": 1.8472457577411394}
{"epochs": 66, "time_step": 7975, "ep_reward": -258.86139860146864, "entropy_mean": 1.8809132240095192}
{"epochs": 67, "time_step": 8072, "ep_reward": -119.83696934861626, "entropy_mean": 1.8655352482990342}
{"epochs": 68, "time_step": 8167, "ep_reward": -294.02233770695364, "entropy_mean": 1.8495124317705631}
{"epochs": 69, "time_step": 8290, "ep_reward": -133.33953542629857, "entropy_mean": 1.830996412423349}
{"epochs": 70, "time_step": 8378, "ep_reward": -235.56367734703312, "entropy_mean": 1.8018107213331072}
{"epochs": 71, "time_step": 8538, "ep_reward": -375.7592201980223, "entropy_mean": 1.8269325080125227}
{"epochs": 72, "time_step": 8619, "ep_reward": -128.0304105777166, "entropy_mean": 1.8204217524063298}
