{"epochs": 0, "time_step": 181, "ep_reward": -790.4133317935784, "entropy_acc_mean": 0.6702304178689794, "entropy_ori_mean": 0.5886278599090156}
{"epochs": 1, "time_step": 275, "ep_reward": -627.0588554323444, "entropy_acc_mean": 0.8583681362646597, "entropy_ori_mean": 0.6851103961783112}
{"epochs": 2, "time_step": 306, "ep_reward": -532.8928080825776, "entropy_acc_mean": 0.9050561757314772, "entropy_ori_mean": 0.7094016586031232}
{"epochs": 3, "time_step": 340, "ep_reward": -533.6025078719472, "entropy_acc_mean": 0.9315468228381613, "entropy_ori_mean": 0.7289510827133621}
{"epochs": 4, "time_step": 379, "ep_reward": -543.1272844582908, "entropy_acc_mean": 0.9125542957571489, "entropy_ori_mean": 0.7200736758075182}
{"epochs": 5, "time_step": 521, "ep_reward": -761.7456404871823, "entropy_acc_mean": 0.7937166431493926, "entropy_ori_mean": 0.657279670447634}
{"epochs": 6, "time_step": 991, "ep_reward": -1217.2381282774963, "entropy_acc_mean": 0.6053371820895755, "entropy_ori_mean": 0.5816747876206823}
{"epochs": 7, "time_step": 1080, "ep_reward": -602.0650190051251, "entropy_acc_mean": 0.5427332011015056, "entropy_ori_mean": 0.5871943055584444}
{"epochs": 8, "time_step": 1208, "ep_reward": -747.698043240802, "entropy_acc_mean": 0.5805784496351902, "entropy_ori_mean": 0.6026321389795741}
{"epochs": 9, "time_step": 1239, "ep_reward": -540.8153765960416, "entropy_acc_mean": 0.5801390201326401, "entropy_ori_mean": 0.5925416246293083}
{"epochs": 10, "time_step": 1319, "ep_reward": -578.6230497602619, "entropy_acc_mean": 0.5783851679807864, "entropy_ori_mean": 0.5881620534458516}
{"epochs": 11, "time_step": 1575, "ep_reward": -953.8106786682366, "entropy_acc_mean": 0.5199931118688156, "entropy_ori_mean": 0.5413869068636532}
{"epochs": 12, "time_step": 1744, "ep_reward": -795.4142455556482, "entropy_acc_mean": 0.509699835186511, "entropy_ori_mean": 0.5322274746796375}
{"epochs": 13, "time_step": 2243, "ep_reward": -868.9130406657487, "entropy_acc_mean": 0.50997388840199, "entropy_ori_mean": 0.5269016688531106}
{"epochs": 14, "time_step": 2315, "ep_reward": -595.4064743603469, "entropy_acc_mean": 0.5013034828777971, "entropy_ori_mean": 0.5177980842261479}
{"epochs": 15, "time_step": 2814, "ep_reward": -903.1511428798491, "entropy_acc_mean": 0.5112828148735894, "entropy_ori_mean": 0.5222159787579939}
{"epochs": 16, "time_step": 2926, "ep_reward": -653.6708909547011, "entropy_acc_mean": 0.5000244609514872, "entropy_ori_mean": 0.5129181644651625}
{"epochs": 17, "time_step": 3425, "ep_reward": -935.187279233283, "entropy_acc_mean": 0.5098087943948664, "entropy_ori_mean": 0.5230434593614992}
{"epochs": 18, "time_step": 3924, "ep_reward": -739.0531219902489, "entropy_acc_mean": 0.5136427689600993, "entropy_ori_mean": 0.5279041023941727}
{"epochs": 19, "time_step": 4423, "ep_reward": -762.3149964530688, "entropy_acc_mean": 0.5090438886447711, "entropy_ori_mean": 0.5286455511211514}
{"epochs": 20, "time_step": 4511, "ep_reward": -624.4318839751302, "entropy_acc_mean": 0.49943781033747614, "entropy_ori_mean": 0.5240183422120951}
{"epochs": 21, "time_step": 4569, "ep_reward": -561.9524426989191, "entropy_acc_mean": 0.5002351632485023, "entropy_ori_mean": 0.5173594289355807}
{"epochs": 22, "time_step": 4661, "ep_reward": -625.0461099590624, "entropy_acc_mean": 0.5093617065532787, "entropy_ori_mean": 0.5183393239974976}
{"epochs": 23, "time_step": 5141, "ep_reward": -1215.8057434848972, "entropy_acc_mean": 0.5130042992571018, "entropy_ori_mean": 0.5226169998266198}
{"epochs": 24, "time_step": 5397, "ep_reward": -899.7681140606585, "entropy_acc_mean": 0.5145909965154488, "entropy_ori_mean": 0.5225048127927279}
{"epochs": 25, "time_step": 5887, "ep_reward": -1277.8150597805252, "entropy_acc_mean": 0.5192891783427511, "entropy_ori_mean": 0.5230955090848435}
{"epochs": 26, "time_step": 6156, "ep_reward": -937.1484831828703, "entropy_acc_mean": 0.5206174492172496, "entropy_ori_mean": 0.516577570248181}
{"epochs": 27, "time_step": 6655, "ep_reward": -843.7047450481035, "entropy_acc_mean": 0.5254717436400023, "entropy_ori_mean": 0.5203463146994421}
{"epochs": 28, "time_step": 7154, "ep_reward": -929.4918377975623, "entropy_acc_mean": 0.5222357189333117, "entropy_ori_mean": 0.5207497290782146}
{"epochs": 29, "time_step": 7653, "ep_reward": -840.5552653917395, "entropy_acc_mean": 0.5203445313332437, "entropy_ori_mean": 0.5218343086786814}
{"epochs": 30, "time_step": 7775, "ep_reward": -692.8862166360092, "entropy_acc_mean": 0.5170957078739088, "entropy_ori_mean": 0.5182703855086346}
{"epochs": 31, "time_step": 8095, "ep_reward": -1037.6134072495124, "entropy_acc_mean": 0.5227555107214893, "entropy_ori_mean": 0.5158368564805077}
{"epochs": 32, "time_step": 8193, "ep_reward": -675.4992150470275, "entropy_acc_mean": 0.5239026679605396, "entropy_ori_mean": 0.5145778196112154}
{"epochs": 33, "time_step": 8285, "ep_reward": -631.7144953347453, "entropy_acc_mean": 0.5245937933792939, "entropy_ori_mean": 0.5145018725781827}
{"epochs": 34, "time_step": 8317, "ep_reward": -522.9265064478213, "entropy_acc_mean": 0.5199336051940918, "entropy_ori_mean": 0.5100802256510808}
