{"epochs": 0, "time_step": 110, "ep_reward": -482.8908232176715, "entropy_acc_mean": 0.6700559811354763, "entropy_ori_mean": 0.5523972462744734}
{"epochs": 1, "time_step": 609, "ep_reward": -765.7904372244609, "entropy_acc_mean": 0.7195872877453182, "entropy_ori_mean": 0.4797484046584732}
{"epochs": 2, "time_step": 899, "ep_reward": -327.0068774801648, "entropy_acc_mean": 0.653321550347924, "entropy_ori_mean": 0.41149469466299693}
{"epochs": 3, "time_step": 1330, "ep_reward": -409.48874565296563, "entropy_acc_mean": 0.6484995563778927, "entropy_ori_mean": 0.41976371362615433}
{"epochs": 4, "time_step": 1422, "ep_reward": -301.7735694247335, "entropy_acc_mean": 0.9529048726365373, "entropy_ori_mean": 0.046511633331711225}
{"epochs": 5, "time_step": 1507, "ep_reward": -93.03828623076693, "entropy_acc_mean": 1.2284632593567608, "entropy_ori_mean": -0.4141453093255473}
{"epochs": 6, "time_step": 1554, "ep_reward": -15.314261980904877, "entropy_acc_mean": 1.2528710540972259, "entropy_ori_mean": -0.6573605273899279}
{"epochs": 7, "time_step": 1602, "ep_reward": -14.067030990814073, "entropy_acc_mean": 1.1158706134127587, "entropy_ori_mean": -0.3802782690402159}
{"epochs": 8, "time_step": 1654, "ep_reward": -10.504399801535046, "entropy_acc_mean": 0.9491797424498059, "entropy_ori_mean": -0.11581832340785435}
{"epochs": 9, "time_step": 2063, "ep_reward": -266.58593816404834, "entropy_acc_mean": 0.6181452416966104, "entropy_ori_mean": 0.4002429917909578}
{"epochs": 10, "time_step": 2185, "ep_reward": 3.2027737462357564, "entropy_acc_mean": 0.6590914074255496, "entropy_ori_mean": 0.2759654770092088}
{"epochs": 11, "time_step": 2323, "ep_reward": -60.8748213937011, "entropy_acc_mean": 0.6486100444724844, "entropy_ori_mean": 0.24702283428033767}
{"epochs": 12, "time_step": 2406, "ep_reward": -215.12160192597742, "entropy_acc_mean": 0.7455440988083799, "entropy_ori_mean": 0.024020871716345142}
{"epochs": 13, "time_step": 2482, "ep_reward": -248.39362868264902, "entropy_acc_mean": 0.8184271334043516, "entropy_ori_mean": -0.11611268255445692}
{"epochs": 14, "time_step": 2537, "ep_reward": -13.192856843999605, "entropy_acc_mean": 0.8073623642191157, "entropy_ori_mean": -0.0644414639687753}
{"epochs": 15, "time_step": 2594, "ep_reward": -9.060310455071466, "entropy_acc_mean": 0.7302639670993971, "entropy_ori_mean": 0.046049792870231296}
{"epochs": 16, "time_step": 2715, "ep_reward": -44.42320711195617, "entropy_acc_mean": 0.6185913115371893, "entropy_ori_mean": 0.21098946960865225}
{"epochs": 17, "time_step": 2819, "ep_reward": 7.05801738742268, "entropy_acc_mean": 0.5608623461289839, "entropy_ori_mean": 0.2633551918148424}
{"epochs": 18, "time_step": 2909, "ep_reward": -7.005886087356469, "entropy_acc_mean": 0.5153536427745503, "entropy_ori_mean": 0.3038678646746261}
{"epochs": 19, "time_step": 3054, "ep_reward": 14.266575504596695, "entropy_acc_mean": 0.4983904765233961, "entropy_ori_mean": 0.33458833964829593}
{"epochs": 20, "time_step": 3238, "ep_reward": -76.13637514964604, "entropy_acc_mean": 0.4663601252767775, "entropy_ori_mean": 0.3382937698183344}
{"epochs": 21, "time_step": 3505, "ep_reward": -174.7536845979254, "entropy_acc_mean": 0.5210054263890347, "entropy_ori_mean": 0.3526847643272899}
{"epochs": 22, "time_step": 3583, "ep_reward": -6.383227441564241, "entropy_acc_mean": 0.4736840694573275, "entropy_ori_mean": 0.178413795058135}
{"epochs": 23, "time_step": 3681, "ep_reward": 1.017776206417004, "entropy_acc_mean": 0.480413874696354, "entropy_ori_mean": 0.22121090059958134}
{"epochs": 24, "time_step": 3773, "ep_reward": 2.5448118987898454, "entropy_acc_mean": 0.4486894150038023, "entropy_ori_mean": 0.24256063893034652}
{"epochs": 25, "time_step": 3852, "ep_reward": -13.399818576617083, "entropy_acc_mean": 0.4041167846265829, "entropy_ori_mean": 0.23012791976988692}
{"epochs": 26, "time_step": 4090, "ep_reward": -197.55537131256153, "entropy_acc_mean": 0.45786100388572903, "entropy_ori_mean": 0.36296140210433575}
{"epochs": 27, "time_step": 4390, "ep_reward": -396.1164235632251, "entropy_acc_mean": 0.45646489370682475, "entropy_ori_mean": 0.3440361172704649}
{"epochs": 28, "time_step": 4479, "ep_reward": 5.011019820494756, "entropy_acc_mean": 0.5218933357872777, "entropy_ori_mean": 0.1350567364159909}
{"epochs": 29, "time_step": 4561, "ep_reward": -2.265513328809277, "entropy_acc_mean": 0.4480231173110731, "entropy_ori_mean": 0.18273686784686463}
{"epochs": 30, "time_step": 4752, "ep_reward": 183.09090546276275, "entropy_acc_mean": 0.4234517739584801, "entropy_ori_mean": 0.31975442420097927}
{"epochs": 31, "time_step": 4818, "ep_reward": -9.40611060802721, "entropy_acc_mean": 0.11535528638309106, "entropy_ori_mean": 0.03134364113771826}
{"epochs": 32, "time_step": 4879, "ep_reward": -14.389519907653451, "entropy_acc_mean": 0.04334503073033279, "entropy_ori_mean": -0.13839961358202182}
{"epochs": 33, "time_step": 4937, "ep_reward": -12.047442976285115, "entropy_acc_mean": 0.1021240684721205, "entropy_ori_mean": -0.17997412600068965}
{"epochs": 34, "time_step": 4992, "ep_reward": -11.983121340148367, "entropy_acc_mean": 0.04869220493076084, "entropy_ori_mean": -0.33372289962596724}
{"epochs": 35, "time_step": 5070, "ep_reward": -127.65732814882381, "entropy_acc_mean": -0.04099287500806675, "entropy_ori_mean": -0.4056473203525422}
{"epochs": 36, "time_step": 5153, "ep_reward": -104.1056704467583, "entropy_acc_mean": -0.06130178031807174, "entropy_ori_mean": -0.47061768763079614}
{"epochs": 37, "time_step": 5207, "ep_reward": -14.520133222557869, "entropy_acc_mean": -0.25887665726722925, "entropy_ori_mean": -0.8290909867767894}
{"epochs": 38, "time_step": 5258, "ep_reward": -13.377595837506961, "entropy_acc_mean": -0.27216597320964037, "entropy_ori_mean": -0.958450315068069}
{"epochs": 39, "time_step": 5310, "ep_reward": -12.999306755411505, "entropy_acc_mean": -0.3769662811642601, "entropy_ori_mean": -1.3067854699634371}
{"epochs": 40, "time_step": 5369, "ep_reward": -9.969793891034314, "entropy_acc_mean": -0.31170657602678825, "entropy_ori_mean": -1.34696732048227}
