{"epochs": 0, "time_step": 512, "ep_reward": -4561.708341216475, "entropy_acc_mean": 1.0753979573705275, "entropy_ori_mean": 1.0732234121530841}
{"epochs": 1, "time_step": 1024, "ep_reward": -2716.8791432292487, "entropy_acc_mean": 1.0740304288343612, "entropy_ori_mean": 0.8793913740628412}
{"epochs": 2, "time_step": 1536, "ep_reward": -1473.7685372966275, "entropy_acc_mean": 1.0446969619271351, "entropy_ori_mean": 0.7120975325679222}
{"epochs": 3, "time_step": 2048, "ep_reward": -976.5840741900051, "entropy_acc_mean": 0.995124173791785, "entropy_ori_mean": 0.5840045748165941}
{"epochs": 4, "time_step": 2560, "ep_reward": 291.82995091603715, "entropy_acc_mean": 0.9029037017106545, "entropy_ori_mean": 0.5486019978746336}
{"epochs": 5, "time_step": 3072, "ep_reward": -853.7873318343832, "entropy_acc_mean": 0.9243298760864005, "entropy_ori_mean": 0.4193187476831105}
{"epochs": 6, "time_step": 3584, "ep_reward": -135.40326968983788, "entropy_acc_mean": 0.8223213769539058, "entropy_ori_mean": 0.37781093297181306}
{"epochs": 7, "time_step": 4096, "ep_reward": 466.817230520896, "entropy_acc_mean": 0.7537476851461459, "entropy_ori_mean": 0.37667937399583484}
{"epochs": 8, "time_step": 4608, "ep_reward": -278.70964002927457, "entropy_acc_mean": 0.8033876717671549, "entropy_ori_mean": 0.43377456225846944}
{"epochs": 9, "time_step": 5120, "ep_reward": -426.5473813216201, "entropy_acc_mean": 0.8970113475652698, "entropy_ori_mean": 0.4700523001408716}
{"epochs": 10, "time_step": 5632, "ep_reward": -345.41321673439444, "entropy_acc_mean": 0.8323949010748612, "entropy_ori_mean": 0.6085685081416868}
{"epochs": 11, "time_step": 6144, "ep_reward": -175.31053052047153, "entropy_acc_mean": 0.7770951972370259, "entropy_ori_mean": 0.5118182665190967}
{"epochs": 12, "time_step": 6656, "ep_reward": -351.9057858114707, "entropy_acc_mean": 0.8243098879418178, "entropy_ori_mean": 0.5921219176019145}
{"epochs": 13, "time_step": 7168, "ep_reward": 145.69738544215417, "entropy_acc_mean": 0.7584180878384537, "entropy_ori_mean": 0.39923532873566386}
{"epochs": 14, "time_step": 7680, "ep_reward": 489.6707915849105, "entropy_acc_mean": 0.8213443853701764, "entropy_ori_mean": 0.44496797318579395}
{"epochs": 15, "time_step": 8192, "ep_reward": 650.8582521715906, "entropy_acc_mean": 0.9509053693877326, "entropy_ori_mean": 0.4284406276474222}
{"epochs": 16, "time_step": 8704, "ep_reward": -326.33113008030546, "entropy_acc_mean": 1.07345761878681, "entropy_ori_mean": 0.4566034772242719}
{"epochs": 17, "time_step": 9216, "ep_reward": -118.81683188103977, "entropy_acc_mean": 0.9286176971292402, "entropy_ori_mean": 0.43969158505835726}
{"epochs": 18, "time_step": 9728, "ep_reward": -70.54961421118927, "entropy_acc_mean": 0.9636006708498355, "entropy_ori_mean": 0.4701612180436564}
{"epochs": 19, "time_step": 10240, "ep_reward": -330.7786559744316, "entropy_acc_mean": 1.0016634451483193, "entropy_ori_mean": 0.49618796588849373}
{"epochs": 20, "time_step": 10752, "ep_reward": -356.2962717152419, "entropy_acc_mean": 0.9008913523504841, "entropy_ori_mean": 0.4630591509170235}
{"epochs": 21, "time_step": 11264, "ep_reward": -537.4220592906612, "entropy_acc_mean": 0.809455570189344, "entropy_ori_mean": 0.591917592763436}
{"epochs": 22, "time_step": 11776, "ep_reward": -51.722020973033054, "entropy_acc_mean": 0.8198288756969146, "entropy_ori_mean": 0.6097830065742106}
{"epochs": 23, "time_step": 12288, "ep_reward": 335.6070158924785, "entropy_acc_mean": 0.9824061494821693, "entropy_ori_mean": 0.5402696008338334}
{"epochs": 24, "time_step": 12800, "ep_reward": -400.1353140954804, "entropy_acc_mean": 1.03422631668998, "entropy_ori_mean": 0.49616149178257696}
{"epochs": 25, "time_step": 13312, "ep_reward": -420.6158300377478, "entropy_acc_mean": 1.0137352053417332, "entropy_ori_mean": 0.40937943869864035}
{"epochs": 26, "time_step": 13824, "ep_reward": 469.72609001138903, "entropy_acc_mean": 0.936605959375467, "entropy_ori_mean": 0.16377485588512458}
{"epochs": 27, "time_step": 14336, "ep_reward": 281.2105780574917, "entropy_acc_mean": 1.0375055931000217, "entropy_ori_mean": 0.1884601912070901}
{"epochs": 28, "time_step": 14848, "ep_reward": -342.9303703947219, "entropy_acc_mean": 1.0430719378398874, "entropy_ori_mean": 0.3878740582317404}
{"epochs": 29, "time_step": 15360, "ep_reward": 190.6489386148309, "entropy_acc_mean": 0.9747312575520596, "entropy_ori_mean": 0.4333567007010908}
{"epochs": 30, "time_step": 15872, "ep_reward": 231.75261694996337, "entropy_acc_mean": 0.9801101168693854, "entropy_ori_mean": 0.10318100893938983}
{"epochs": 31, "time_step": 16384, "ep_reward": -112.3490765613447, "entropy_acc_mean": 0.9028442579868011, "entropy_ori_mean": 0.3557354173465082}
{"epochs": 32, "time_step": 16896, "ep_reward": -130.18534991395876, "entropy_acc_mean": 0.9662593822730215, "entropy_ori_mean": 0.25252022241291244}
{"epochs": 33, "time_step": 17408, "ep_reward": -6.909735154271706, "entropy_acc_mean": 1.1081786025569684, "entropy_ori_mean": 0.24657089110703495}
{"epochs": 34, "time_step": 17920, "ep_reward": -313.2058248132089, "entropy_acc_mean": 1.2260527172748572, "entropy_ori_mean": 0.3136510385407342}
{"epochs": 35, "time_step": 18432, "ep_reward": 142.79486060238105, "entropy_acc_mean": 1.0877498370862146, "entropy_ori_mean": 0.34582330678638656}
{"epochs": 36, "time_step": 18944, "ep_reward": 331.62040132297994, "entropy_acc_mean": 1.1519319394178558, "entropy_ori_mean": 0.3948859338871917}
{"epochs": 37, "time_step": 19456, "ep_reward": 213.6967432719114, "entropy_acc_mean": 1.2415965930295503, "entropy_ori_mean": 0.38034593454810844}
{"epochs": 38, "time_step": 19968, "ep_reward": 517.3517621267205, "entropy_acc_mean": 1.28566814921288, "entropy_ori_mean": 0.4152827954199347}
{"epochs": 39, "time_step": 20480, "ep_reward": 399.03565468551193, "entropy_acc_mean": 1.4803459367789256, "entropy_ori_mean": 0.39154954681619564}
{"epochs": 40, "time_step": 20992, "ep_reward": -583.5234286192739, "entropy_acc_mean": 1.5060081851412679, "entropy_ori_mean": 0.4467190199660511}
{"epochs": 41, "time_step": 21504, "ep_reward": -28.05258549761672, "entropy_acc_mean": 1.4704833339761805, "entropy_ori_mean": 0.3630541622290137}
{"epochs": 42, "time_step": 22016, "ep_reward": -72.38761622751406, "entropy_acc_mean": 1.6121068984909133, "entropy_ori_mean": 0.3587330324143229}
{"epochs": 43, "time_step": 22528, "ep_reward": 285.38467793749527, "entropy_acc_mean": 1.4944245736268993, "entropy_ori_mean": 0.4027200818758959}
{"epochs": 44, "time_step": 23040, "ep_reward": 87.29400898264416, "entropy_acc_mean": 1.376167988103268, "entropy_ori_mean": 0.3693437235861959}
{"epochs": 45, "time_step": 23552, "ep_reward": 166.54795594081784, "entropy_acc_mean": 1.5187712602215668, "entropy_ori_mean": 0.46630395062950386}
{"epochs": 46, "time_step": 24064, "ep_reward": -239.4150142107408, "entropy_acc_mean": 1.6297658800381667, "entropy_ori_mean": 0.3422285812175297}
{"epochs": 47, "time_step": 24576, "ep_reward": 69.48698377992429, "entropy_acc_mean": 1.8248898754110578, "entropy_ori_mean": 0.3404242052437037}
{"epochs": 48, "time_step": 25088, "ep_reward": -321.63423134695637, "entropy_acc_mean": 1.7414234694216917, "entropy_ori_mean": 0.3831942069832577}
{"epochs": 49, "time_step": 25600, "ep_reward": -286.8100815748465, "entropy_acc_mean": 1.86580110061006, "entropy_ori_mean": 0.30662350882331296}
{"epochs": 50, "time_step": 26112, "ep_reward": 1043.1089027389553, "entropy_acc_mean": 1.8587746537684464, "entropy_ori_mean": 0.15583346450073213}
{"epochs": 51, "time_step": 26624, "ep_reward": 286.2888311067051, "entropy_acc_mean": 1.9132725676597908, "entropy_ori_mean": 0.05849530194935046}
{"epochs": 52, "time_step": 27136, "ep_reward": 534.9041070239509, "entropy_acc_mean": 1.8430265225397449, "entropy_ori_mean": 0.04412719438880043}
{"epochs": 53, "time_step": 27648, "ep_reward": 433.6108098904007, "entropy_acc_mean": 1.9737892705097533, "entropy_ori_mean": 0.039676687173676076}
{"epochs": 54,