{"epochs": 0, "time_step": 255, "ep_reward": 13.35003460910876, "entropy_mean": -0.5715720360167325}
{"epochs": 1, "time_step": 510, "ep_reward": -27.360880027211625, "entropy_mean": -0.6606922140344977}
{"epochs": 2, "time_step": 765, "ep_reward": -1.2074138407052142, "entropy_mean": -0.7371957190334797}
{"epochs": 3, "time_step": 1020, "ep_reward": 32.57355615567801, "entropy_mean": -0.6866574226878583}
{"epochs": 4, "time_step": 1275, "ep_reward": 8.685808726149215, "entropy_mean": -0.5991344964131713}
{"epochs": 5, "time_step": 1530, "ep_reward": 4.022656144640128, "entropy_mean": -0.6031718808226287}
{"epochs": 6, "time_step": 1785, "ep_reward": 36.80856086044531, "entropy_mean": -0.6600049021653831}
{"epochs": 7, "time_step": 2040, "ep_reward": 10.525094499953752, "entropy_mean": -0.646882051602006}
{"epochs": 8, "time_step": 2295, "ep_reward": 17.99208843411435, "entropy_mean": -0.7593110967427492}
{"epochs": 9, "time_step": 2550, "ep_reward": -12.211523878649448, "entropy_mean": -0.6363844992592931}
{"epochs": 10, "time_step": 2805, "ep_reward": 0.9961485429408377, "entropy_mean": -0.6362164397723973}
{"epochs": 11, "time_step": 3060, "ep_reward": 9.296282531979395, "entropy_mean": -0.6529059708118439}
{"epochs": 12, "time_step": 3315, "ep_reward": 21.78522328133539, "entropy_mean": -0.6692676413804293}
{"epochs": 13, "time_step": 3570, "ep_reward": -18.78113830470463, "entropy_mean": -0.6505045150406659}
{"epochs": 14, "time_step": 3825, "ep_reward": 14.951004602860536, "entropy_mean": -0.6151373106986284}
{"epochs": 15, "time_step": 4080, "ep_reward": -18.57058117737037, "entropy_mean": -0.620621264912188}
{"epochs": 16, "time_step": 4335, "ep_reward": -14.790031884122197, "entropy_mean": -0.6337782149203122}
{"epochs": 17, "time_step": 4590, "ep_reward": 9.559285269572294, "entropy_mean": -0.6479016114026308}
{"epochs": 18, "time_step": 4845, "ep_reward": 8.383933459839884, "entropy_mean": -0.5825279974378645}
{"epochs": 19, "time_step": 5100, "ep_reward": 2.602582254572673, "entropy_mean": -0.7197851105593145}
{"epochs": 20, "time_step": 5355, "ep_reward": -6.932826775029461, "entropy_mean": -0.7110463925637305}
{"epochs": 21, "time_step": 5610, "ep_reward": -8.045790618187809, "entropy_mean": -0.6925188051536679}
{"epochs": 22, "time_step": 5865, "ep_reward": 44.36170533994209, "entropy_mean": -0.6559520652517676}
{"epochs": 23, "time_step": 6120, "ep_reward": 6.237178296908194, "entropy_mean": -0.6705979178659618}
{"epochs": 24, "time_step": 6375, "ep_reward": -24.2487754449025, "entropy_mean": -0.6474256361834705}
{"epochs": 25, "time_step": 6630, "ep_reward": 2.346579971026108, "entropy_mean": -0.6027178261429071}
{"epochs": 26, "time_step": 6885, "ep_reward": 8.712328942932853, "entropy_mean": -0.6608508666977286}
{"epochs": 27, "time_step": 7140, "ep_reward": 20.152180801672618, "entropy_mean": -0.8144265622831881}
{"epochs": 28, "time_step": 7395, "ep_reward": -19.456602862506504, "entropy_mean": -0.6592027535662055}
{"epochs": 29, "time_step": 7650, "ep_reward": -8.626027432974757, "entropy_mean": -0.637878451962024}
{"epochs": 30, "time_step": 7905, "ep_reward": 8.469315996358105, "entropy_mean": -0.7076507811434567}
{"epochs": 31, "time_step": 8160, "ep_reward": -25.84515813606027, "entropy_mean": -0.6461809249594808}
{"epochs": 32, "time_step": 8415, "ep_reward": -20.2132448290429, "entropy_mean": -0.6653652605600655}
{"epochs": 33, "time_step": 8670, "ep_reward": 15.87638974769986, "entropy_mean": -0.5733998278155923}
{"epochs": 34, "time_step": 8925, "ep_reward": 19.880710172797023, "entropy_mean": -0.6504299752414227}
{"epochs": 35, "time_step": 9180, "ep_reward": 5.00787505899896, "entropy_mean": -0.7258759052492678}
{"epochs": 36, "time_step": 9435, "ep_reward": -14.02881166372419, "entropy_mean": -0.6799220005050302}
{"epochs": 37, "time_step": 9690, "ep_reward": 7.968729767424267, "entropy_mean": -0.7620360367000103}
{"epochs": 38, "time_step": 9945, "ep_reward": 16.188823827358615, "entropy_mean": -0.7894592210650444}
{"epochs": 39, "time_step": 10200, "ep_reward": -32.93057119806053, "entropy_mean": -0.6553647150285542}
{"epochs": 40, "time_step": 10455, "ep_reward": 13.59558309970231, "entropy_mean": -0.5998230250552297}
{"epochs": 41, "time_step": 10710, "ep_reward": -30.45414042933459, "entropy_mean": -0.6677494281902909}
{"epochs": 42, "time_step": 10965, "ep_reward": -9.800919720532178, "entropy_mean": -0.6296191439032555}
{"epochs": 43, "time_step": 11220, "ep_reward": -18.24805749380614, "entropy_mean": -0.6526697725057602}
{"epochs": 44, "time_step": 11475, "ep_reward": -37.71594421973134, "entropy_mean": -0.6629544673487544}
{"epochs": 45, "time_step": 11730, "ep_reward": -14.515534716933832, "entropy_mean": -0.6854515364393592}
{"epochs": 46, "time_step": 11985, "ep_reward": 24.716333131702797, "entropy_mean": -0.5493950145319104}
{"epochs": 47, "time_step": 12240, "ep_reward": -11.532664849393614, "entropy_mean": -0.6649417481385171}
{"epochs": 48, "time_step": 12495, "ep_reward": 3.8747574798640505, "entropy_mean": -0.608139521908015}
{"epochs": 49, "time_step": 12750, "ep_reward": -5.037001317087346, "entropy_mean": -0.712728840764612}
{"epochs": 50, "time_step": 13005, "ep_reward": -17.09664499305919, "entropy_mean": -0.6755852112546563}
{"epochs": 51, "time_step": 13260, "ep_reward": -2.224803499480147, "entropy_mean": -0.7246818924322724}
{"epochs": 52, "time_step": 13515, "ep_reward": -17.938659997004763, "entropy_mean": -0.66257732687518}
{"epochs": 53, "time_step": 13770, "ep_reward": 2.09047526539203, "entropy_mean": -0.6160402270033956}
{"epochs": 54, "time_step": 14025, "ep_reward": 8.402899935152751, "entropy_mean": -0.594811481423676}
{"epochs": 55, "time_step": 14280, "ep_reward": 0.7460998395396917, "entropy_mean": -0.7029164996929467}
{"epochs": 56, "time_step": 14535, "ep_reward": 18.61407351044661, "entropy_mean": -0.6026729997247458}
{"epochs": 57, "time_step": 14790, "ep_reward": 33.3518892839481, "entropy_mean": -0.7375666829757392}
{"epochs": 58, "time_step": 15045, "ep_reward": 28.630475878356542, "entropy_mean": -0.7919999617151916}
{"epochs": 59, "time_step": 15300, "ep_reward": -5.281306521482531, "entropy_mean": -0.6464163577184081}
{"epochs": 60, "time_step": 15555, "ep_reward": 13.84182032554768, "entropy_mean": -0.6816299962811172}
{"epochs": 61, "time_step": 15810, "ep_reward": 4.0945754923292395, "entropy_mean": -0.7601740835234523}
{"epochs": 62, "time_step": 16065, "ep_reward": 4.0061869994017245, "entropy_mean": -0.6905349199660122}
{"epochs": 63, "time_step": 16320, "ep_reward": -11.986725347182265, "entropy_mean": -0.6928381049074233}
{"epochs": 64, "time_step": 16575, "ep_reward": 23.640937843669963, "entropy_mean": -0.5972137516364455}
{"epochs": 65, "time_step": 16830, "ep_reward": -9.122866807284899, "entropy_mean": -0.6217407630756497}
{"epochs": 66, "time_step": 17085, "ep_reward": 10.273938688214617, "entropy_mean": -0.6833859235048294}
{"epochs": 67, "time_step": 17340, "ep_reward": 10.38289631628229, "entropy_mean": -0.6152741266414523}
{"epochs": 68, "time_step": 17595, "ep_reward": 3.557019631578366, "entropy_mean": -0.6688445587642491}
{"epochs": 69, "time_step": 17850, "ep_reward": -34.72975727845113, "entropy_mean": -0.67419424187392}
{"epochs": 70, "time_step": 18105, "ep_reward": 3.0351852142953564, "entropy_mean": -0.6570610906928778}
{"epochs": 71, "time_step": 18360, "ep_reward": -14.122734634163274, "entropy_mean": -0.695741715375334}
{"epochs": 72, "time_step": 18615, "ep_reward": 11.578630590304432, "entropy_mean": -0.5743561498820782}
{"epochs": 73, "time_step": 18870, "ep_reward": 15.795164062068178, "entropy_mean": -0.7829505037516356}
{"epochs": 74, "time_step": 19125, "ep_reward": 10.188875313971861, "entropy_mean": -0.5969483139924705}
{"epochs": 75, "time_step": 19380, "ep_reward": -40.40361460613465, "entropy_mean": -0.6712878444232047}
{"epochs": 76, "time_step": 19635, "ep_reward": 2.512555344208817,