{"epochs": 0, "time_step": 512, "ep_reward": -10434.708341216477, "entropy_acc_mean": 1.0753979573705275, "entropy_ori_mean": 1.0732234121530841}
{"epochs": 1, "time_step": 1024, "ep_reward": -8513.475921785406, "entropy_acc_mean": 1.0456299238037645, "entropy_ori_mean": 0.9675532923339636}
{"epochs": 2, "time_step": 1536, "ep_reward": -9214.518015672213, "entropy_acc_mean": 0.991399847740783, "entropy_ori_mean": 0.87977122830601}
{"epochs": 3, "time_step": 2048, "ep_reward": -8150.108818344939, "entropy_acc_mean": 0.9301311400433963, "entropy_ori_mean": 0.769641543108585}
{"epochs": 4, "time_step": 2560, "ep_reward": -8344.409417640112, "entropy_acc_mean": 0.9694110608240317, "entropy_ori_mean": 0.8569794506357428}
{"epochs": 5, "time_step": 3072, "ep_reward": -8765.553260596846, "entropy_acc_mean": 0.9055172668562995, "entropy_ori_mean": 0.7943930670067116}
{"epochs": 6, "time_step": 3584, "ep_reward": -7826.94657608082, "entropy_acc_mean": 0.8218523040849562, "entropy_ori_mean": 0.7211421722324736}
{"epochs": 7, "time_step": 4096, "ep_reward": -6287.680360843723, "entropy_acc_mean": 0.6199005231057924, "entropy_ori_mean": 0.7145647419358787}
{"epochs": 8, "time_step": 4608, "ep_reward": -7990.71886017306, "entropy_acc_mean": 0.6726995676349246, "entropy_ori_mean": 0.8615539508488675}
{"epochs": 9, "time_step": 5120, "ep_reward": -5595.329482926508, "entropy_acc_mean": 0.5550803042527063, "entropy_ori_mean": 0.8218614704195286}
{"epochs": 10, "time_step": 5632, "ep_reward": -6643.709040295343, "entropy_acc_mean": 0.4414136499224583, "entropy_ori_mean": 0.7894703374039127}
{"epochs": 11, "time_step": 6144, "ep_reward": -6365.225951711948, "entropy_acc_mean": 0.5759439282482363, "entropy_ori_mean": 0.8851879995468764}
{"epochs": 12, "time_step": 6656, "ep_reward": -5646.637389809279, "entropy_acc_mean": 0.33084852781444496, "entropy_ori_mean": 0.7164254030521385}
{"epochs": 13, "time_step": 7168, "ep_reward": -4686.01301388198, "entropy_acc_mean": 0.2338195490790622, "entropy_ori_mean": 0.6753793902564467}
{"epochs": 14, "time_step": 7680, "ep_reward": -5094.541962714702, "entropy_acc_mean": 0.3706294976712203, "entropy_ori_mean": 0.8120792400070102}
{"epochs": 15, "time_step": 8192, "ep_reward": -4928.418089327774, "entropy_acc_mean": 0.3738690750640735, "entropy_ori_mean": 0.8097672567032931}
{"epochs": 16, "time_step": 8704, "ep_reward": -4196.008841750866, "entropy_acc_mean": 0.10784989723220438, "entropy_ori_mean": 0.7078864514014409}
{"epochs": 17, "time_step": 9216, "ep_reward": -5167.414011012951, "entropy_acc_mean": 0.3407169279531661, "entropy_ori_mean": 0.7842125517350657}
{"epochs": 18, "time_step": 9728, "ep_reward": -3862.600369440545, "entropy_acc_mean": 0.1581141895253291, "entropy_ori_mean": 0.7519083621441505}
{"epochs": 19, "time_step": 10240, "ep_reward": -4252.023649718612, "entropy_acc_mean": 0.35569933260161046, "entropy_ori_mean": 0.8467168309535199}
{"epochs": 20, "time_step": 10752, "ep_reward": -3950.8423116367685, "entropy_acc_mean": 0.23895103866361503, "entropy_ori_mean": 0.7971421419760869}
{"epochs": 21, "time_step": 11264, "ep_reward": -6048.964181122646, "entropy_acc_mean": 0.5597537830326758, "entropy_ori_mean": 0.9106706143819798}
{"epochs": 22, "time_step": 11776, "ep_reward": -7002.949452119747, "entropy_acc_mean": 0.6621505321815, "entropy_ori_mean": 1.00452871571275}
{"epochs": 23, "time_step": 12288, "ep_reward": -6538.1391823454, "entropy_acc_mean": 0.6086662346624259, "entropy_ori_mean": 0.9566861730337608}
{"epochs": 24, "time_step": 12800, "ep_reward": -4913.256528590727, "entropy_acc_mean": 0.3241190389815362, "entropy_ori_mean": 0.834828176228856}
{"epochs": 25, "time_step": 13312, "ep_reward": -5763.385991096958, "entropy_acc_mean": 0.3421233739072119, "entropy_ori_mean": 0.8968432723430165}
{"epochs": 26, "time_step": 13824, "ep_reward": -3468.0796944834065, "entropy_acc_mean": -0.05972737898835894, "entropy_ori_mean": 0.7307435778381765}
{"epochs": 27, "time_step": 14336, "ep_reward": -3416.316444210714, "entropy_acc_mean": -0.06314116937142832, "entropy_ori_mean": 0.7247866862698605}
{"epochs": 28, "time_step": 14848, "ep_reward": -4256.3092842605, "entropy_acc_mean": 0.18808041899292557, "entropy_ori_mean": 0.8352378169927913}
{"epochs": 29, "time_step": 15360, "ep_reward": -5066.742208849891, "entropy_acc_mean": 0.24011413976695337, "entropy_ori_mean": 0.8166683829783464}
{"epochs": 30, "time_step": 15872, "ep_reward": -4847.414917255451, "entropy_acc_mean": 0.0714764976129662, "entropy_ori_mean": 0.7338096829418086}
{"epochs": 31, "time_step": 16384, "ep_reward": -6916.582398829247, "entropy_acc_mean": 0.29689484114302994, "entropy_ori_mean": 0.8726844852663156}
{"epochs": 32, "time_step": 16896, "ep_reward": -3800.200790626615, "entropy_acc_mean": -0.016331047574911432, "entropy_ori_mean": 0.7060290145130418}
{"epochs": 33, "time_step": 17408, "ep_reward": -4277.37609595263, "entropy_acc_mean": 0.07729978972708272, "entropy_ori_mean": 0.7571478362901402}
{"epochs": 34, "time_step": 17920, "ep_reward": -4949.570582051824, "entropy_acc_mean": -0.24484165149357817, "entropy_ori_mean": 0.6660743060632524}
{"epochs": 35, "time_step": 18432, "ep_reward": -3855.0315077197233, "entropy_acc_mean": -0.40192228637011196, "entropy_ori_mean": 0.7129948149647629}
{"epochs": 36, "time_step": 18944, "ep_reward": -3798.2447445167013, "entropy_acc_mean": -0.5549569671381751, "entropy_ori_mean": 0.7118511845958628}
{"epochs": 37, "time_step": 19456, "ep_reward": -2193.5805319867563, "entropy_acc_mean": -0.6114341750247204, "entropy_ori_mean": 0.7152406722016734}
{"epochs": 38, "time_step": 19968, "ep_reward": -3011.1581074371493, "entropy_acc_mean": -0.7322933209105077, "entropy_ori_mean": 0.6671668818587215}
{"epochs": 39, "time_step": 20480, "ep_reward": -4005.577360375741, "entropy_acc_mean": -0.310321640085291, "entropy_ori_mean": 0.8118639604622393}
{"epochs": 40, "time_step": 20992, "ep_reward": -3736.25011760743, "entropy_acc_mean": -0.3139474951965302, "entropy_ori_mean": 0.6954784102839568}
{"epochs": 41, "time_step": 21504, "ep_reward": -4783.676166173928, "entropy_acc_mean": -0.5172468447081062, "entropy_ori_mean": 0.5798864481974298}
{"epochs": 42, "time_step": 22016, "ep_reward": -3658.655672990034, "entropy_acc_mean": -0.5711500393716913, "entropy_ori_mean": 0.6140605540071082}
{"epochs": 43, "time_step": 22528, "ep_reward": -2684.206636424033, "entropy_acc_mean": -0.6316344626465736, "entropy_ori_mean": 0.6486273217387134}
{"epochs": 44, "time_step": 23040, "ep_reward": -2433.1151205906663, "entropy_acc_mean": -0.6135211952945643, "entropy_ori_mean": 0.7123706408179062}
{"epochs": 45, "time_step": 23552, "ep_reward": -3095.364449083422, "entropy_acc_mean": -0.7987381503363566, "entropy_ori_mean": 0.6249092311887016}
{"epochs": 46, "time_step": 24064, "ep_reward": -2189.4453960288674, "entropy_acc_mean": -0.8232876699105574, "entropy_ori_mean": 0.6873191455651445}
{"epochs": 47, "time_step": 24576, "ep_reward": -2668.98284718563, "entropy_acc_mean": -0.8831245875962761, "entropy_ori_mean": 0.6957089231725324}
{"epochs": 48, "time_step": 25088, "ep_reward": -2280.448757122992, "entropy_acc_mean": -1.091564530285246, "entropy_ori_mean": 0.6240412797379448}
{"epochs": 49, "time_step": 25600, "ep_reward": -2521.552738046399, "entropy_acc_mean": -1.1235829094464784, "entropy_ori_mean": 0.5789707615593953}
{"epochs": 50, "time_step": 26112, "ep_reward": -2110.5670130034077, "entropy_acc_mean": -1.3919134107481899, "entropy_ori_mean": 0.5724812165106017}
{"epochs": 51, "time_step": 26624, "ep_reward": -2218.1763338405685, "entropy_acc_mean": -1.4362690100195812, "entropy_ori_mean": 0.5584616312506603}
{"epochs": 52, "time_step": 27136, "ep_reward": -1333.1811234055676, "entropy_acc_mean": -1.6281682859387314, "entropy_ori_mean": 0.5234066497745105}
{"epochs": 53, "time_step": 27648, "ep_reward": -2740.9930693283695, "entropy_acc_mean": -1.6608838663231327,