{"epochs": 0, "time_step": 192, "ep_reward": -1150.9678366131336, "entropy_mean": 1.0646467363679564}
{"epochs": 1, "time_step": 343, "ep_reward": -995.778037159462, "entropy_mean": 1.0747725947855329}
{"epochs": 2, "time_step": 386, "ep_reward": -375.1921795161844, "entropy_mean": 1.077738783825403}
{"epochs": 3, "time_step": 468, "ep_reward": -642.2777122466723, "entropy_mean": 1.0930316621607}
{"epochs": 4, "time_step": 607, "ep_reward": -768.2026496770377, "entropy_mean": 1.0943856196591504}
{"epochs": 5, "time_step": 647, "ep_reward": -337.7691713198272, "entropy_mean": 1.074620544174571}
{"epochs": 6, "time_step": 751, "ep_reward": -679.5346312419624, "entropy_mean": 1.0759131087070446}
{"epochs": 7, "time_step": 1250, "ep_reward": -2430.658810489833, "entropy_mean": 1.0657945865386718}
{"epochs": 8, "time_step": 1698, "ep_reward": -2214.051093496424, "entropy_mean": 1.0619814130109024}
{"epochs": 9, "time_step": 1894, "ep_reward": -1131.0092809337175, "entropy_mean": 1.05844287107919}
{"epochs": 10, "time_step": 1992, "ep_reward": -679.7751041275855, "entropy_mean": 1.0499601533570266}
{"epochs": 11, "time_step": 2020, "ep_reward": -263.15388771900797, "entropy_mean": 1.0314549144945646}
{"epochs": 12, "time_step": 2303, "ep_reward": -1687.5539711662839, "entropy_mean": 1.0244924000331335}
{"epochs": 13, "time_step": 2512, "ep_reward": -781.4822251134689, "entropy_mean": 0.6892409173856202}
{"epochs": 14, "time_step": 2582, "ep_reward": -26.346231961759152, "entropy_mean": -0.3205428647656813}
{"epochs": 15, "time_step": 2664, "ep_reward": -248.90379536082412, "entropy_mean": -0.7636621236801148}
{"epochs": 16, "time_step": 2731, "ep_reward": -263.3413144805276, "entropy_mean": -1.059704875946045}
{"epochs": 17, "time_step": 2799, "ep_reward": -272.4878688953759, "entropy_mean": -0.8642311452949134}
